cobra,snake
python,snake
viper,snake
mamba,snake
anaconda,snake
nebula,space
comet,space
galaxy,space
quasar,space
meteor,space
Fierce,battleAdjectives
Brutal,battleAdjectives
Intense,battleAdjectives
Epic,battleAdjectives
Bloody,battleAdjectives
Chaotic,battleAdjectives
Legendary,battleAdjectives
Vicious,battleAdjectives
Ruthless,battleAdjectives
Heroic,battleAdjectives
Terrifying,battleAdjectives
Relentless,battleAdjectives
Thrilling,battleAdjectives
Devastating,battleAdjectives
Heroic,battleAdjectives
Savage,battleAdjectives
Apocalyptic,battleAdjectives
Deadly,battleAdjectives
Ferocious,battleAdjectives
Clash,battleNouns
Skirmish,battleNouns
Siege,battleNouns
Confrontation,battleNouns
Conflict,battleNouns
Showdown,battleNouns
Engagement,battleNouns
Combat,battleNouns
Melee,battleNouns
War,battleNouns
Campaign,battleNouns
Conquest,battleNouns
Invasion,battleNouns
Revolt,battleNouns
Standoff,battleNouns
Rumble,battleNouns
Confrontation,battleNouns
Clash,battleNouns
Firefight,battleNouns
Skirmish,battleNouns
